INSERT INTO Administrator (adminId, firstName, lastName, adminEmail, password) VALUES 
('A002', 'Steven', 'O Donnavan', 'stevenod@bcs.ie', 'password'), 
('A003','Sean','Bean','rossftiz@bcs.ie','password2'),
('A004', 'Heriberto', 'Fish', 'hfish2@bcs.ie', 'mX5xFJbCi4Kt'),
('A005', 'Marcie', 'Rablen', 'mrablen4@census.gov', 'wK5VYYCk'),
('A006', 'Barbee', 'Emons', 'bemons5@ameblo.jp', 'sdOpflw'),
('A007', 'Emelita', 'Shergold', 'eshergold6@unc.edu', 'okBykuJV6gI'),
('A008', 'Jacobo', 'Milward', 'jmilward7@linkedin.com', 'HKvH0IcvCasX'),
('A009', 'Tedd', 'Graves', 'tgraves8@pbs.org', 'y6mVjpy6F0'),
('A010', 'Noni', 'Dimitrie', 'ndimitrie9@mapy.cz', 'xEb7MJq'),
('A011', 'Selma', 'Jorat', 'sjorata@skyrock.com', 'yxn43HvC'),
('A012', 'Shelagh', 'Orrett', 'sorrettb@thetimes.co.uk', 'B5cunrSMx'),
('A013', 'Woody', 'Guiot', 'wguiotc@wufoo.com', '2W0Tcg'),
('A014', 'Rozele', 'Tackett', 'rtackettd@topsy.com', 'T6NhZBUqF'),
('A015', 'Thelma', 'Penton', 'tpentone@cnbc.com', 'fOneaLmZtq'),
('A016', 'Emelita', 'Shergold', 'eshergold6@unc.edu', 'okBykuJV6gI'),
('A017', 'Jacobo', 'Milward', 'jmilward7@linkedin.com', 'HKvH0IcvCasX'),
('A018', 'Tedd', 'Graves', 'tgraves8@pbs.org', 'y6mVjpy6F0'),
('A019', 'Noni', 'Dimitrie', 'ndimitrie9@mapy.cz', 'xEb7MJq'),
('A020', 'Selma', 'Jorat', 'sjorata@skyrock.com', 'yxn43HvC'),
('A021', 'Shelagh', 'Orrett', 'sorrettb@thetimes.co.uk', 'B5cunrSMx'),
('A022', 'Woody', 'Guiot', 'wguiotc@wufoo.com', '2W0Tcg'),
('A023', 'Rozele', 'Tackett', 'rtackettd@topsy.com', 'T6NhZBUqF'),
('A024', 'Thelma', 'Penton', 'tpentone@cnbc.com', 'fOneaLmZtq');

INSERT INTO Teacher (teacherId, firstName, lastName, subject, email, password) VALUES 
('T002', 'Tess', 'Tester', 'Biology', 'Tess@datester.ie', 'Password1'),
('T003', 'Gal', 'Wherton', 'English', 'mwherton0@wired.com', 'hfZdW3b0Z'),
('T004', 'Ritchie', 'Karolyi', 'French', 'ckarolyi1@dmoz.org', '0oyZlh0oV9'),
('T005', 'Murdoch', 'MacKintosh', 'English', 'bmackintosh2@aboutads.info', '8UqiF2F47'),
('T006', 'Mikaela', 'Bardsley', 'French', 'cbardsley3@utexas.edu', 'KaiO1Hy4i'),
('T007', 'Damiano', 'Von Gladbach', 'English', 'avongladbach4@ft.com', 'MPqdkpWs'),
('T008', 'Sherwin', 'Lenaghen', 'French', 'blenaghen5@php.net', '0AtCZq1'),
('T009', 'Giacinta', 'Masey', 'French', 'gmasey6@github.com', 'BRu6L7vAMaJO'),
('T010', 'Shena', 'Rupert', 'French', 'drupert7@moonfruit.com', 'FZS5m6Uq'),
('T011', 'Carlen', 'Oriel', 'English', 'doriel8@weibo.com', 'bB70Ml'),
('T012', 'Roger', 'Shelbourne', 'French', 'eshelbourne9@google.com.au', 'nLxaMSej9g'),
('T013', 'Brannon', 'Lockey', 'French', 'ilockeya@wordpress.com', 'qFDq4kD6'),
('T014', 'Cristobal', 'Pendrigh', 'French', 'upendrighb@hibu.com', 'zySDhC'),
('T015', 'Deni', 'Lauritsen', 'French', 'rlauritsenc@dell.com', '9vLEqgha'),
('T016', 'Sherwin', 'Lenaghen', 'French', 'blenaghen5@php.net', '0AtCZq1'),
('T017', 'Giacinta', 'Masey', 'French', 'gmasey6@github.com', 'BRu6L7vAMaJO'),
('T018', 'Shena', 'Rupert', 'French', 'drupert7@moonfruit.com', 'FZS5m6Uq'),
('T019', 'Carlen', 'Oriel', 'English', 'doriel8@weibo.com', 'bB70Ml'),
('T020', 'Roger', 'Shelbourne', 'French', 'eshelbourne9@google.com.au', 'nLxaMSej9g'),
('T021', 'Brannon', 'Lockey', 'French', 'ilockeya@wordpress.com', 'qFDq4kD6'),
('T022', 'Cristobal', 'Pendrigh', 'French', 'upendrighb@hibu.com', 'zySDhC'),
('T023', 'Deni', 'Lauritsen', 'French', 'rlauritsenc@dell.com', '9vLEqgha'),
('T024', 'Ritchie', 'Karolyi', 'French', 'ckarolyi1@dmoz.org', '0oyZlh0oV9');

INSERT INTO Student (firstName, lastName, studentId, address, phone) VALUES 
( 'John', 'Test', 'S002', 'Main St, Lismore', '098778766'),
('Gage', 'Janssen', 'S003', '15 Tony Terrace', '1774275554'),
('Merla', 'Ruppelin', 'S004', '3 Warbler Plaza', '9822216349'),
('Claudell', 'Cowe', 'S005', '4359 Tomscot Terrace', '2199878192'),
('Bordie', 'Craw', 'S006', '676 Pleasure Junction', '8797789238'),
('Sean', 'Skade', 'S007', '89 Ohio Parkway', '1263839733'),
('Madge', 'Patria', 'S008', '5238 Marcy Circle', '3996122311'),
('Renell', 'Radleigh', 'S009', '8 Menomonie Plaza', '9717017330'),
('Doug', 'Warfield', 'S010', '4273 La Follette Avenue', '2892769100'),
('Bailey', 'Gritton', 'S011', '5776 Waxwing Lane', '3666309585'),
('Ricca', 'Ferrarin', 'S012', '44 Swallow Park', '1856391864'),
('Corie', 'Maskew', 'S013', '9 Mayfield Way', '2697334294'),
('Rickie', 'Wynn', 'S014', '7758 Sommers Trail', '3164666279'),
('Anne', 'Denes', 'S015', '8 Shelley Pass', '2181878257'),
('Caspar', 'Tubbs', 'S016', '834 Carberry Court', '7793843007'),
('Dulsea', 'Meedendorpe', 'S017', '01 Eagle Crest Road', '3105015466'),
('Simona', 'Bousquet', 'S018', '5 Homewood Avenue', '5877932960'),
('Ricca', 'Ferrarin', 'S019', '44 Swallow Park', '1856391864'),
('Corie', 'Maskew', 'S020', '9 Mayfield Way', '2697334294'),
('Rickie', 'Wynn', 'S021', '7758 Sommers Trail', '3164666279'),
('Anne', 'Denes', 'S022', '8 Shelley Pass', '2181878257'),
('Caspar', 'Tubbs', 'S023', '834 Carberry Court', '7793843007'),
('Dulsea', 'Meedendorpe', 'S024', '01 Eagle Crest Road', '3105015466');

INSERT INTO StudentGrade (studentId, subjectOne, precentOne, subjectTwo, precentTwo, subjectThree, precentThree, subjectFour, precentFour, subjectFive, precentFive, subjectSix, precentSix) VALUES 
('S002', 'Biology', 87, 'Maths', 56, 'Irish', '78', 'English', 89, 'Chemistry', 65, 'Physics', 76),
('S003', 'Biology', 10, 'Maths', 11, 'Irish', '65', 'English', 56, 'Chemistry', 69, 'Physics', 65),
('S004', 'Biology', 11, 'Maths', 56, 'Irish', '78', 'English', 89, 'Chemistry', 69, 'Physics', 76),
('S005', 'Biology', 80, 'Maths', 78, 'Irish', '23', 'English', 56, 'Chemistry', 76, 'Physics', 65),
('S006', 'Biology', 85, 'Maths', 56, 'Irish', '78', 'English', 76, 'Chemistry', 69, 'Physics', 89),
('S007', 'Biology', 75, 'Maths', 11, 'Irish', '23', 'English', 23, 'Chemistry', 69, 'Physics', 65),
('S008', 'Biology', 76, 'Maths', 56, 'Irish', '78', 'English', 56, 'Chemistry', 46, 'Physics', 46),
('S009', 'Biology', 45, 'Maths', 56, 'Irish', '78', 'English', 90, 'Chemistry', 69, 'Physics', 65),
('S010', 'Biology', 65, 'Maths', 11, 'Irish', '46', 'English', 87, 'Chemistry', 90, 'Physics', 46),
('S011', 'Biology', 76, 'Maths', 87, 'Irish', '78', 'English', 56, 'Chemistry', 69, 'Physics', 65),
('S012', 'Biology', 87, 'Maths', 56, 'Irish', '87', 'English', 87, 'Chemistry', 11, 'Physics', 87),
('S013', 'Biology', 23, 'Maths', 87, 'Irish', '90', 'English', 56, 'Chemistry', 69, 'Physics', 65),
('S014', 'Biology', 34, 'Maths', 56, 'Irish', '78', 'English', 11, 'Chemistry', 23, 'Physics', 90),
('S015', 'Biology', 65, 'Maths', 87, 'Irish', '90', 'English', 56, 'Chemistry', 69, 'Physics', 23),
('S016', 'Biology', 75, 'Maths', 56, 'Irish', '78', 'English', 11, 'Chemistry', 69, 'Physics', 65),
('S017', 'Biology', 46, 'Maths', 46, 'Irish', '46', 'English', 56, 'Chemistry', 23, 'Physics', 63),
('S018', 'Biology', 34, 'Maths', 46, 'Irish', '78', 'English', 89, 'Chemistry', 69, 'Physics', 65),
('S019', 'Biology', 89, 'Maths', 56, 'Irish', '78', 'English', 56, 'Chemistry', 89, 'Physics', 89),
('S020', 'Biology', 90, 'Maths', 46, 'Irish', '46', 'English', 89, 'Chemistry', 69, 'Physics', 56),
('S021', 'Biology', 19, 'Maths', 56, 'Irish', '78', 'English', 56, 'Chemistry', 46, 'Physics', 90),
('S022', 'Biology', 98, 'Maths', 19, 'Irish', '46', 'English', 46, 'Chemistry', 69, 'Physics', 65),
('S023', 'Biology', 78, 'Maths', 56, 'Irish', '56', 'English', 56, 'Chemistry', 69, 'Physics', 89),
('S024', 'Biology', 56, 'Maths', 19, 'Irish', '78', 'English', 56, 'Chemistry', 90, 'Physics', 65);

